total_periods,total_demand,total_supply_received,total_shortage,overall_fill_rate,average_demand_per_period,total_cost,total_purchase_cost,total_stockout_cost,periods_with_shortage
4,5.1000000000000005,4.258333333333334,0.8416666666666668,0.8349673202614379,1.2750000000000001,5.184166666666666,4.258333333333334,0.9258333333333324,4
