manufacturer_id,capacity,disrupted,recovery_periods,last_production,cumulative_profit,total_investments,total_invested_amount
0,0.16000000000000003,False,0,0.16000000000000003,0.68,2,0.0
1,0.33054999999999995,False,0,0.25,1.022225,4,0.08055
2,0.33049999999999996,False,0,0.25,1.02225,4,0.08049999999999999
3,0.3449,False,0,0.25,1.01505,4,0.0949
