manufacturer_id,capacity,disrupted,recovery_periods,last_production,cumulative_profit,total_investments,total_invested_amount
0,0.16000000000000003,True,0,0.16000000000000003,0.86,2,0.0
1,0.33049999999999996,False,0,0.33049999999999996,1.0282499999999999,4,0.1795
2,0.33054999999999995,False,0,0.33054999999999995,1.027775,4,0.18055
3,0.16000000000000003,False,0,0.16000000000000003,0.7460000000000001,2,0.048
