manufacturer_id,capacity,disrupted,recovery_periods,last_production,cumulative_profit,total_investments,total_invested_amount
0,0.0006499999999999995,True,3,0.0006499999999999995,1.67315,4,0.15
1,0.007499999999999997,False,0,0.007499999999999997,0.14425000000000002,5,0.0045000000000000005
