manufacturer_id,capacity,disrupted,recovery_periods,last_production,cumulative_profit,total_investments,total_invested_amount
0,0.1111111111111111,False,0,0.1111111111111111,0.2222222222222222,2,0.0
1,0.08888888888888889,True,0,0.08888888888888889,0.17777777777777778,0,0.0
2,0.1111111111111111,False,0,0.1111111111111111,0.2057222222222222,2,0.033
3,0.1111111111111111,False,0,0.1111111111111111,0.2222222222222222,2,0.0
4,0.1111111111111111,False,0,0.1111111111111111,0.2222222222222222,2,0.0
5,0.1111111111111111,False,0,0.1111111111111111,0.2222222222222222,2,0.0
6,0.1111111111111111,False,0,0.1111111111111111,0.2142222222222222,2,0.016
7,0.1111111111111111,False,0,0.1111111111111111,0.2222222222222222,2,0.0
8,0.1111111111111111,False,0,0.1111111111111111,0.2222222222222222,2,0.0
