manufacturer_id,capacity,disrupted,recovery_periods,last_production,cumulative_profit,total_investments,total_invested_amount
0,0.325,False,0,0.31333333333333335,1.1008333333333336,4,0.075
1,0.39,False,0,0.31333333333333335,1.0683333333333334,4,0.14
2,0.325,False,0,0.31333333333333335,1.1008333333333336,4,0.075
3,0.16000000000000003,True,1,0.16000000000000003,0.7600000000000001,0,0.0
