manufacturer_id,capacity,disrupted,recovery_periods,last_production,cumulative_profit,total_investments,total_invested_amount
0,0.06666666666666667,True,0,0.06666666666666667,0.3333333333333333,0,0.0
1,0.19966666666666666,False,0,0.19966666666666666,0.8528333333333333,5,0.093
2,0.18336666666666665,False,0,0.18336666666666665,0.8233833333333334,5,0.0533
3,0.21666666666666667,False,0,0.21666666666666667,0.9083333333333333,5,0.05
4,0.21666666666666667,False,0,0.21666666666666667,0.8583333333333333,5,0.05
5,0.21666666666666667,False,0,0.21666666666666667,0.8583333333333333,5,0.05
