manufacturer_id,capacity,disrupted,recovery_periods,last_production,cumulative_profit,total_investments,total_invested_amount
0,0.38054999999999994,False,0,0.3,1.04365,4,0.1877
1,0.38054999999999994,False,0,0.3,1.0437249999999998,4,0.18755
2,0.36365,False,0,0.3,1.053375,4,0.16825
3,0.3802,False,0,0.3,1.0438999999999998,4,0.1872
