manufacturer_id,capacity,disrupted,recovery_periods,last_production,cumulative_profit,total_investments,total_invested_amount
0,0.27304999999999996,True,0,0.27304999999999996,0.9612499999999999,3,0.08055
1,0.345,False,0,0.30898333333333333,1.0106083333333333,4,0.14675
2,0.2875,False,0,0.2875,1.0437500000000002,4,0.0375
3,0.37889999999999996,False,0,0.30898333333333333,1.0195333333333334,4,0.12890000000000001
