period,total_demand,total_supply,shortage_amount,unsold,shortage_percentage,disrupted_manufacturers,fda_announcement
0,1.2,0.95,0.25,-0.050000000000000044,0.20833333333333334,[0],
1,1.5,1.0225,0.47750000000000004,0.022499999999999964,0.31833333333333336,[0],The FDA is closely monitoring the emerging shortage situation. We encourage manufacturers and healthcare providers to report supply issues and collaborate on solutions to ensure patient needs are met.
2,1.1,0.9850000000000001,0.11499999999999999,-0.014999999999999902,0.10454545454545452,[],
3,1.0,0.91,0.08999999999999997,-0.08999999999999997,0.08999999999999997,[],
