period,total_demand,total_supply,shortage_amount,unsold,shortage_percentage,disrupted_manufacturers,fda_announcement
0,1.2,0.95,0.25,0,0.20833333333333334,[3],
1,1.1,0.95,0.15000000000000013,0,0.13636363636363646,[],
2,1.1,0.95,0.15000000000000013,0,0.13636363636363646,[],
3,1.1,0.95,0.15000000000000013,0,0.13636363636363646,[],
