period,total_demand,total_supply,shortage_amount,unsold,shortage_percentage,disrupted_manufacturers,fda_announcement
0,1.1,1.0,0.10000000000000009,0.0,0.09090909090909098,[],
1,1.1,1.0750000000000002,0.02499999999999991,0.07500000000000018,0.022727272727272645,[],
2,1.0,1.0,0.0,0.0,0.0,[],
3,1.2,1.1785166666666667,0.0214833333333333,0.17851666666666666,0.01790277777777775,[0],
